Course_Code,Course_Title,2021_Points_R1,2021_Points_R2,2020_Points_R1,2020_Points_R2,2019_Points_R1,2019_Points_R2
AC120,International Business                            ,294  ,294,209,,269.0,234
AC137,Liberal Arts                                      ,271  ,270,252,,275.0,252
AD101,First Year Art and Design (Common Entry portfolio),#554 ,,#+matric,,550.0,# +mat
AD102,Graphic Design and Moving Image Design (portfolio),#538 ,,#+matric,,635.0,# +mat
AD103,Textile & Surface Design and Jewellery & Objects,#505 ,,#+matric,,545.0,# +mat
AD202,Education and Design or Fine Art (Second Level Tea,#591 ,,#+matric,,580.0,# +mat
AD204,Fine Art (portfolio)                              ,#514 ,,#+matric,,600.0,# +mat
AD211,Fashion Design,#760 ,#679,#+matric,,600.0,# +mat
AD212,Product Design,#413 ,,#+matric,,600.0,# +mat
AD215,Visual Culture                                    ,337  ,300,377,320,338.0,300
AD217,Illustration (portfolio)                          ,#738 ,,#+matric,,625.0,# +mat
AD222,Interaction Design (portfolio)                    ,#444 ,,#+matric,,657.0,# +mat
AL600,Software Design,,,AQA,,,
AL601,Computer Engineering,,,AQA,219,,
AL604,Civil Engineering,,,AQA,AQA,,
AL630,Pharmacy Technician,,,295,,,
AL631,Dental Nursing,,,300,298,,
AL632,Applied Science,,,234,,,
AL650,Business,,,207,,,
AL701,Computer Engineering with Network Infrastructure,,,216,,,
AL702,Software Design with Artificial Intelligence for Cloud Computing,,,214,,,
AL704,Computer Engineering,,,204,,,
AL710,Mechanical Engineering,,,223,,,
AL711,Mechanical Engineering and Renewable Energy,,,228,,,
AL712,Automation and Robotics,,,252,,,
AL713,Engineering (Common Entry to Mechanical/Renewable/Mechatronic Eng),,,218,,,
AL721,Civil Engineering,,,233,,,
AL730,Biotechnology,,,250,,,
AL731,Veterinary Nursing,,,400,,,
AL734,Pharmaceutical Sciences (Drug Development and Analysis),,,244,,,
AL751,Digital Marketing,,,241,,,
AL752,Business,,,225,,,
AL761,Hotel and Leisure Management,,,208,,,
AL763,Graphic Design (portfolio),,,781,,,
AL764,Early Years Care and Education,,,260,,,
AL765,Applied Social Studies in Social Care,,,280,,,
AL801,Software Design for Virtual Reality and Gaming    ,300  ,,303,,328.0,304
AL802,Software Design in Artificial Intelligence for Clo,313  ,,332,,306.0,301
AL803,Software Design with Mobile Apps and Connected Devices,350  ,,337,,337.0,309
AL805,Computer Engineering for Network Infrastructure   ,321  ,,333,,442.0,329
AL810,Quantity Surveying                                ,328  ,,319,,349.0,307
AL811,Civil Engineering                                    ,,,320,,,
AL820,Mechanical and Polymer Engineering,327  ,,308,,358.0,300
AL830,General Nursing,451* ,444,442,,429.0,410
AL832,Mental Health Nursing                             ,440* ,431,387,384,403.0,387
AL835,Pharmacology                                      ,356  ,,,,,
AL836,Nutrition and Health Science,346  ,,334,,383.0,352
AL837,Sports Science with Exercise Physiology,357  ,,351,,392.0,351
AL838,Biotechnology,324  ,,307,,372.0,302
AL839,Microbiology                                      ,325  ,,325,,371.0,322
AL840,Pharmaceutical Sciences                           ,346  ,,347,,411.0,328
AL841,Athletic and Rehabilitation Therapy               ,477  ,476*,430,,430.0,423
AL842,Bioveterinary Science,338  ,,313,,366.0,310
AL843,Physical Activity and Health Science              ,306  ,,306,,330.0,310
AL849,Culinary Entrepreneurship                         ,297  ,,,,,
AL850,Business                                          ,309  ,,309,,356.0,307
AL851,Business and Law                                  ,302  ,,295,,341.0,301
AL852,Accounting,336  ,,309,,346.0,290
AL853,Accounting and Law,,,,,320.0,305
AL854,Sport Management (with international placement)   ,300  ,299,302,299,,
AL855,Hospitality Management (with international placeme,309  ,,308,,357.0,312
AL857,Digital Marketing                                 ,304  ,,304,,360.0,300
AL859,International Business                            ,308  ,,,,,
AL860,Social Care Practice,301  ,,300,,338.0,309
AL861,Animation and Illustration (portfolio)            ,#575 ,,578,,899.0,#615
AL863,Graphic and Digital Design (portfolio)            ,#747 ,,781,,898.0,#703
AL864,Early Years Care and Education,306  ,,307,,348.0,307
AL870,Applied Psychology,484* ,467*,418,,445.0,409
AS001,"Education, Home Economics and Biology - with concurrent Teacher Ed",542  ,533,510,,497.0,456*
AS002,Education  Home Economics and Religious Ed - with ,464  ,452*,441,434,433.0,400*
AS003,Education  Home Economics and Irish - with concurr,463* ,457,440,440,457.0,421
AS051,Nutrition  Food and Business Management           ,378  ,347,328,317,399.0,337
AS054,Home Economics,440* ,419*,408,398,401.0,387
AS110,General Nursing                                   ,440* ,432,419,,409.0,391*
AS130,Intellectual Disability Nursing                   ,387  ,358,336,328,338.0,317
BN101,Business,,,,,289.0,252
BN103,Business and Information Technology,,,,,290.0,254
BN104,Computing (Information Technology),,,,,293.0,260
BN107,Applied Social Studies in Social Care,,,,,328.0,300
BN108,Engineering (Common Entry with Award options),,,,,318.0,271
BN109,Business (Common Entry with Award options),,,,,279.0,260
BN110,International Business,,,,,308.0,253
BN111,Sports Management and Coaching,,,,,298.0,270
BN112,Creative Digital Media,,,,,329.0,280
BN113,Horticulture,,,,,321.0,289
BN114,Accounting and Finance,,,,,332.0,280
BN115,Community and Youth Development,,,,,298.0,250
BN117,Computer Engineering in Mobile Systems,,,,,311.0,273
BN118,Early Childhood Care and Education,,,,,320.0,290
BN119,Digital Marketing,,,,,308.0,270
BN120,Digital Forensics and Cyber Security,,,,,326.0,281
BN121,Mechatronic Engineering,,,,,340.0,276
BN123,"Design,Technology and Innovation",,,,,318.0,297
BY001,Business                                          ,210  ,210,,,,
CI001,Counselling Skills and Psychotherapy Studies,,,300,,,
CI002,Counselling Skills and Addiction Studies,,,309,,,
CI005,Counselling Skills and Youth Studies,,,306,302,,
CI101,Counselling and Psychotherapy (Limerick),,,,,328.0,276
CI110,Counselling and Psychotherapy                     ,292  ,,310,,,
CI111,Counselling and Psychotherapy with Addiction Studi,290  ,,301,,,
CI112,Counselling and Youth Studies,325  ,,311,,,
CK101,Arts - 3 years,300  ,,300,,368.0,300
CK102,Social Science,434  ,431,412,,431.0,391
CK104,Arts with Music - 3 or 4 years (BMus or Chinese/Eu,#339 ,,302,,409.0,#340
CK105,Film and Screen Media - 3 years or 4 years (Intern,421  ,420*,368,337,442.0,397
CK107,Geographical and Archaeological Sciences - 3 or 4 ,312  ,,328,,388.0,326
CK108,Arts International - 4 years,440* ,440,401,,466.0,429
CK109,English - 3 years or 4 years (International Pathwa,367  ,357,318,,423.0,347
CK110,World Languages                                   ,488  ,,452,433,506.0,456
CK111,Early Years and Childhood Studies                 ,409  ,403,419,,429.0,398
CK112,Theatre and Performative Practices - 3 or 4 years (Int`l Pathway),#371 ,,330,,470.0,#324
CK113,Criminology - 3 years or 4 years (International Pathway),464  ,463,423,,430.0,408
CK114,Social Science (Youth and Community Work)         ,#    ,,,,,#
CK115,Social Work - Mature Applicants only                 ,,,,,,#
CK116,Sports Studies and Physical Education,,,,,520.0,499
CK118,Digital Humanities and IT - 3 or 4 years (Work Exper. or Int`l Pathway),347  ,339,336,,361.0,307
CK120,Applied Psychology,544  ,543*,533,532,532.0,506
CK121,Psychology and Computing - 3 or 4 years (Work Expe,499  ,488,466,,466.0,393
CK122,Government and Political Science                  ,399  ,,337,328,410.0,355
CK123,Anthropology                                      ,308  ,,308,,,
CK124,Education - Gaeilge,473  ,,463,462,,
CK125,Sports Studies and Physical Education,564  ,555*,510,509,,
CK201,Commerce                                          ,500  ,499*,477,,489.0,465*
CK202,Accounting                                        ,553  ,543*,509,,506.0,467
CK203,Business Information Systems                      ,455  ,452,430,,444.0,409
CK204,Finance                                           ,566* ,566*,556,,555.0,531
CK205,Commerce (International) with French,465  ,,445,,473.0,409
CK206,Commerce (International) with German              ,466  ,455,420,418,446.0,408
CK207,Commerce (International) with Italian             ,423  ,418,388,,425.0,408
CK208,Commerce (International) with Hispanic Studies,488  ,486,402,,455.0,431
CK209,Commerce (International) with Irish,507  ,,484,,528.0,509
CK211,Commerce (International) with Chinese Studies     ,385  ,,397,,420.0,398
CK212,Economics (through Transformational Learning) 3 or,445  ,444,444,,429.0,400
CK213,Food Marketing and Entrepreneurship               ,466  ,,462,,,
CK214,International Development                         ,332  ,,346,,,
CK301,Law (Pathways) -  3 or 4 years,533  ,532*,507,499,519.0,476
CK302,Law and French                                    ,545  ,,542,,531.0,453
CK304,Law and Irish                                     ,588  ,,540,,510.0,462
CK307,Law and Business                                  ,589* ,589*,556,,554.0,522
CK401,Computer Science,503  ,495,468,,456.0,402
CK402,Biological and Chemical Sciences                  ,555* ,555,510,509,520.0,498
CK404,Biological  Earth and Environmental Sciences      ,500  ,495*,467,,451.0,412
CK405,Genetics                                          ,543  ,,487,,496.0,476
CK406,Chemical Sciences,532  ,,485,472,488.0,457
CK407,Mathematical Sciences                             ,566  ,,566,565,578.0,531
CK408,Physics and Astrophysics                          ,566  ,,554,542,566.0,511
CK409,Industrial Physics - Offered jointly by UCC and CI,465  ,,432,,532.0,413
CK411,Data Science and Analytics,531  ,,510,,542.0,509
CK412,Agricultural Science                              ,506  ,,496,496,509.0,457
CK502,Food Marketing and Entrepreneurship,,,,,456.0,433
CK504,Nutritional Sciences                              ,555  ,554*,518,,509.0,492
CK505,Food Science,463  ,,441,440,477.0,444
CK506,International Development and Food Policy,,,,,410.0,367
CK600,Engineering,510  ,509*,487,,532.0,465
CK606,Architecture - Offered jointly by UCC and CIT     ,543  ,,484,476,496.0,465
CK701,Medicine (Undergraduate Entry - HPAT required),#738 ,#737*,731,,740.0,#729
CK702,Dentistry,625* ,625*,613,613,613.0,590
CK703,Pharmacy,613* ,613*,590,589,589.0,577
CK704,Occupational Therapy                              ,601* ,,566,555,554.0,532*
CK705,Speech and Language Therapy                       ,568  ,566*,520,,529.0,509
CK706,Public Health Sciences                            ,500  ,,454,,451.0,419
CK707,Medical and Health Sciences,578* ,,542,541,543.0,510*
CK710,General Nursing                                   ,498* ,497*,454,,466.0,440
CK712,Children`s and General Nursing (Integrated)       ,565  ,,533,,520.0,499
CK720,Mental Health Nursing                             ,455  ,452,423,,429.0,398
CK730,Intellectual Disability Nursing                   ,431  ,,419,411,388.0,359
CK740,Midwifery,509* ,,484,,474.0,444
CK791,Medicine  - Graduate Entry (GAMSAT required)      ,#60* ,#60*,57,,59.0,#58*
CM001,Education - Primary Teaching                      ,508  ,,484,,462.0,452*
CM002,Education - Primary Teaching - Gaeltacht Applicants,#462 ,,,,440.0,#421
CM003,Oideachas - Bunmhúinteoireacht Trí Mheán na Gaeilge,#513 ,,528,,506.0,#491
CM004,Oideachas - Bunmh�inteoireacht Tr� Mhe�n na Gaeilg,#480 ,,494,,569.0,#492
CM010,Education Studies,382  ,327,319,,373.0,317
CM020,Early Childhood Education,317  ,,327,,363.0,336
CR006,Applied Biosciences,,,361,,,
CR007,Analytical and Pharmaceutical Chemistry,,,240,,,
CR010,Agriculture (Year 1 - 2 days in Clonakilty Agri College & 3 days in CIT),,,321,,,
CR016,Software Development,,,307,,,
CR021,Business (Common Entry),,,255,,,
CR022,Business Administration,,,190,,,
CR031,Social Care Work,,,346,,,
CR032,Recreation and Leisure Management,,,298,,,
CR035,Community Development,,,100,,,
CR051,Civil Engineering,,,248,,,
CR052,Construction,,,251,,,
CR053,Interior Architecture,,,308,,,
CR055,Environmental Engineering,,,258,,,
CR071,Mechanical Engineering,,,261,,,
CR075,Biomedical Engineering,,,306,,,
CR090,Architectural Technology,,,266,,,
CR094,Nautical Science at National Maritime College of Ireland,,,243,,,
CR105,Chemical and Biopharmaceutical Engineering        ,443  ,,443,,498.0,432
CR106,Software Development,431  ,,411,,393.0,351
CR108,Mechanical Engineering                            ,434  ,,434,,487.0,425
CR109,Structural Engineering                            ,396  ,,394,,467.0,341
CR110,Automotive Business Management and Technology     ,336  ,,311,,347.0,318
CR112,Creative Digital Media,390  ,,361,,389.0,335
CR116,Computer Systems                                  ,365  ,,332,,381.0,318
CR121,Music at CIT Cork School of Music                 ,#904 ,#904,868,,1052.0,#633
CR125,Popular Music at CIT Cork School of Music         ,#1028,,1088,,1021.0,#972
CR126,Popular Music: Drums at CIT Cork School of Music,,,801,,1043.0,#878
CR127,Popular Music: Electric Guitar at CIT Cork School of Music,,,838,768,761.0,#584
CR128,Popular Music: Keyboards at CIT Cork School of Music,,,840,,1009.0,#839
CR129,Popular Music: Voice at CIT Cork School of Music,,,841,,927.0,#857
CR130,Musical Theatre at CIT Cork School of Music       ,#525 ,,548,518,600.0,#500
CR150,Business Information Systems                      ,350  ,,335,,371.0,326
CR210,Contemporary Applied Art (Ceramics  Glass  Textile,#450 ,,#+matric,,979.0,#979
CR220,Fine Art at CIT Crawford College of Art and Design,#400 ,,#+matric,,819.0,#620
CR225,Photography with New Media at CIT Crawford College,#435 ,,#+matric,,920.0,#920
CR300,Physical Sciences (Common Entry),,,282,,,
CR305,Physical Sciences (Common Entry)                  ,260  ,,282,,309.0,279
CR310,IT Management                                     ,347  ,,297,,317.0,282
CR320,Biomedical Science (Offered jointly by CIT and UCC),590* ,,565,,556.0,546
CR325,Pharmaceutical Biotechnology                      ,466  ,,398,,422.0,388
CR333,Nutrition and Health Science                      ,425  ,,402,,393.0,360
CR335,Biological Sciences (Common Entry),473  ,,420,,419.0,381
CR340,Analytical Chemistry with Quality Assurance,327  ,,251,,315.0,288
CR360,Instrument Engineering                            ,301  ,,261,,329.0,291
CR365,Environmental Science and Sustainable Technology,262  ,,253,,362.0,334
CR370,Agri-Biosciences,368  ,,397,,431.0,408
CR400,Accounting,315  ,,316,,389.0,316
CR420,Marketing,290  ,,285,,329.0,288
CR425,International Business with Language              ,279  ,,298,,392.0,300
CR430,Sport and Exercise Management                     ,402  ,,322,,,
CR435,Coaching Science and Sports Pedagogy              ,410  ,,,,,
CR440,Montessori Education                              ,409  ,408,288,,,
CR500,Engineering (Common Entry)                        ,475  ,,411,,424.0,381
CR510,Sustainable Energy Engineering,320  ,,320,,343.0,319
CR520,Biomedical Engineering                            ,444  ,,444,,477.0,434
CR560,Architectural Technology                          ,375  ,,308,,332.0,288
CR565,Interior Architecture,431  ,,359,,390.0,336
CR570,Quantity Surveying,375  ,,336,,342.0,279
CR572,Construction Management                           ,300  ,,269,,300.0,253
CR580,Electrical Engineering                            ,342  ,,318,,374.0,344
CR590,Electronic Engineering                            ,329  ,,303,,411.0,342
CR600,Visual Communications,#280 ,,#+matric,,888.0,#587
CR620,Early Childhood Education and Care,,,365,357,,
CR650,Beverage Industry Management,,,209,,,
CR655,Culinary Studies,,,189,,,
CR657,Hospitality Studies,,,180,163,,
CR660,Tourism Management                                ,246  ,,252,,290.0,249
CR700,Theatre and Drama Studies at CIT Cork School of Music,#609 ,#609,740,645,906.0,#768
CR805,Marine Electrotechnology at National Maritime College of Ireland,,,235,,,
CR888,Information Technology,,,290,,,
CR930,Home Economics and Business                       ,518* ,,,,,
CT110,Computing in Information Technology,,,210,,,
CT116,Information Technology,,,219,,,
CT125,Computing and IT                                  ,242  ,242,220,,280.0,235
CT325,Business                                          ,253  ,253,338,,,
CW018,Business (options)                                ,307  ,,298,248,349.0,327
CW028,Early Childhood Education and Care                ,260  ,,252,,308.0,252
CW037,Business (options),,,195,,,
CW038,Art (portfolio)                                   ,#700 ,,700,,700.0,#700
CW047,Visual Communications and Design,,,214,181,,
CW057,Art (portfolio),,,700,,,
CW058,Tourism and Event Management                      ,292  ,,298,,262.0,252
CW068,Applied Social Studies - Professional Social Care (Wexford),250  ,,245,,280.0,251
CW077,Tourism and Event Management,,,217,,,
CW078,Sustainable Farm Management and Agribusiness      ,270  ,,269,,320.0,266
CW088,Visual Communications and Design                  ,270  ,,274,,345.0,309
CW106,Physiology and Health Science,,,451,,,
CW107,Analytical Science,,,277,,,
CW108,Science (options),266  ,,261,,326.0,261
CW117,Biosciences,,,205,,,
CW126,Science - Applied Biology or Applied Chemistry,,,191,,,
CW128,Brewing and Distilling                            ,307  ,,263,,298.0,271
CW138,Sport and Exercise Science                        ,430  ,423,423,,,
CW148,Strength and Conditioning                         ,388  ,,379,,,
CW178,Sport Science (options),,,,,424.0,399
CW188,Sport Rehabilitation and Athletic Therapy,451  ,,451,448,473.0,454
CW208,Computer Games Development                        ,272  ,,279,,338.0,281
CW237,Computing in Interactive Digital Art and Design,,,212,,,
CW238,Software Development                              ,295  ,,297,,343.0,300
CW248,Information Technology Management,293  ,,285,,357.0,307
CW258,Cybercrime and IT Security                        ,292  ,,293,,328.0,300
CW268,Computing in Interactive Digital Art and Design   ,291  ,,287,,321.0,274
CW407,Architectural Technology,,,188,,,
CW417,Construction Management with Building Services,,,220,,,
CW427,Civil Engineering,,,199,,,
CW438,Construction (options),260  ,251,272,,308.0,271
CW468,Architectural Technology                          ,291  ,283,262,,290.0,252
CW478,Civil Engineering                                 ,465  ,,433,,383.0,348
CW507,Aircraft Systems,,,293,,,
CW517,Mechanical Engineering,,,276,,,
CW527,Electronic Engineering,,,227,,,
CW547,TV and Media Production,,,301,,,
CW548,Mechanical Engineering,330  ,328,321,,351.0,310
CW558,Electronic Systems                                ,280  ,,280,,338.0,279
CW568,Aerospace Engineering                             ,371  ,359,380,,422.0,366
CW578,TV and Media Production                           ,318  ,,325,,361.0,327
CW706,Legal Studies,,,163,,,
CW708,Law - LLB,292  ,,302,,328.0,298
CW717,Professional Social Care Practice,,,288,,,
CW728,Product Design Innovation                         ,246  ,,252,,355.0,286
CW748,Early Childhood Education and Care                ,290  ,,270,,338.0,265
CW758,Professional Social Care Practice                 ,360  ,358,336,,319.0,290
CW808,Media and Public Relations,247  ,,251,,307.0,248
CW837,Digital Marketing with Analytics,,,200,,,
CW848,Digital Marketing with Analytics                  ,269  ,,254,,307.0,279
CW906,Business,,,177,,,
CW908,Business (options),272  ,,280,,307.0,260
CW917,Business (options),,,224,,,
CW936,Accounting,,,231,,,
CW938,Business with Law                                 ,270  ,,283,,288.0,270
CW948,Accounting,319  ,,300,,408.0,301
DB500,Computing,234  ,234,218,218,320.0,242
DB501,Computing (Cloud Computing)                          ,,178,227,227,329.0,326
DB502,Computing (Data Analytics and Big Data),267  ,233,341,341,269.0,269
DB503,Computing (Software Development),,,225,225,282.0,242
DB504,Computing (Web and Mobile Technology),,,,281,269.0,227
DB510,Audio Production and Music Project Management     ,217  ,217,234,223,293.0,233
DB512,Business Studies                                  ,243  ,210,218,203,301.0,229
DB514,Business Studies (Law)                            ,239  ,225,252,,337.0,269
DB515,Business Studies (Human Resource Management),242  ,217,244,244,288.0,225
DB516,Financial Services,,,,,336.0,328
DB517,Marketing (Event Management)                      ,233  ,225,238,,327.0,226
DB518,Marketing (Digital Media)                         ,307  ,209,,,289.0,210
DB521,Accounting and Finance,243  ,228,225,195,271.0,225
DB524,Business (Information Systems),247  ,239,342,309,402.0,402
DB525,Marketing (Digital Media and Cloud Computing)     ,288  ,288,,,309.0,284
DB526,Business (Cloud Computing)                        ,244  ,244,347,,288.0,253
DB527,Applied Social Care                               ,254  ,219,234,260,288.0,235
DB531,Marketing,288  ,176,293,,288.0,220
DB562,Psychology                                        ,244  ,233,243,229,310.0,208
DB563,Arts,,,161,189,,
DB566,Social Science,262  ,228,220,227,308.0,216
DB567,Film and Creative Media,245  ,213,218,202,295.0,192
DB568,Law,254  ,228,219,252,308.0,245
DB569,Business (Psychology)                             ,240  ,240,252,,338.0,279
DB571,Business Studies,,,173,211,,
DB572,Business in Accounting,,,119,117,,
DB573,Business in Marketing,,,117,146,,
DB574,Business in Information Technology,,,136,388,,
DC001,Education - Early Childhood Education,445  ,,440,,424.0,398
DC002,Education - Primary Teaching                      ,518* ,,488,,485.0,462*
DC003,Education - Primary Teaching - Gaeltacht Applicant,#489 ,,445,,473.0,#433
DC004,Education - Primary Teaching (Church of Ireland Ce,#451 ,,411,409,,#357
DC005,Education - Primary Teaching - Irish Sign Language,,,,,316.0,#316
DC009,Arts (Joint Honours) - Humanities,356  ,,376,,408.0,347
DC010,Post Primary Teacher Education - Religious Educati,384  ,,441,429,413.0,386
DC011,Post Primary Teacher Education - Religious Educati,409  ,,412,391,389.0,352
DC012,Post Primary Teacher Education - Religious Educati,409  ,,378,,415.0,#367
DC013,Post Primary Teacher Ed - Gaeilge with French/German/Spanish,413  ,,419,,509.0,410
DC014,BA in Jazz and Contemporary Music Performance (aud,#311 ,,419,,590.0,#428
DC110,Business Studies International                    ,498  ,,465,,462.0,440
DC111,Business Studies                                  ,511  ,,488,,479.0,463
DC112,Global Business (France),542* ,,517,510,510.0,495
DC113,Global Business (Germany),484  ,,462,,476.0,440
DC114,Global Business (Spain),544  ,,522,,543.0,501
DC115,Accounting and Finance                            ,544  ,,510,,500.0,487
DC116,Global Business (USA)                             ,613* ,,579,,589.0,578
DC117,Aviation Management / Aviation Management with Pil,484  ,,476,475,487.0,463
DC118,Gnó agus Gaeilge / Business and Irish,368  ,,359,,399.0,357
DC119,Global Business (Canada)                          ,601  ,,564,,577.0,566
DC120,Computing for Business                            ,403  ,402,357,,389.0,350
DC121,Computer Science                                  ,475  ,,400,,418.0,370
DC123,Data Science,501  ,,465,,511.0,467
DC126,Actuarial Mathematics,577* ,,560,,543.0,520
DC127,Common Entry into Actuarial and Financial Mathemat,541  ,,532,520,531.0,509
DC131,Communication Studies                             ,421  ,,407,402,441.0,400
DC132,Journalism                                        ,452  ,,429,422,440.0,401
DC133,Multimedia,435  ,,411,410,451.0,403
DC155,Applied Language and Translation Studies          ,427  ,,387,,430.0,371
DC161,Analytical Science                                ,498  ,,498,489,463.0,446
DC162,Chemical and Pharmaceutical Sciences              ,531* ,,521,,498.0,488
DC163,Chemical Sciences General Entry (Undenominated Ent,466* ,,,,,
DC166,Environmental Science and Technology,423* ,,433,399,442.0,412
DC167,Physics with Astronomy,,,,,477.0,434
DC168,Genetics and Cell Biology                         ,543* ,,512,510,500.0,489
DC171,Applied Physics,,,,,433.0,402
DC173,Physics with Biomedical Sciences,,,,,458.0,402
DC175,Physics General Entry (options)                   ,400  ,,419,402,,
DC180,Biological Sciences General Entry (Undenominated E,530  ,,,,,
DC181,Biotechnology,530  ,,499,495,488.0,476
DC190,Electronic and Computer Engineering (with choice o,488  ,,413,,433.0,391
DC193,Mechatronic Engineering                           ,490  ,,411,,445.0,404
DC194,Sustainable Systems and Energy                    ,476  ,,,,,
DC195,Mechanical and Manufacturing Engineering          ,500  ,,425,,444.0,401
DC197,Biomedical Engineering,510  ,,423,,446.0,402
DC200,Common Entry into Engineering (Undenominated Entry,511  ,510,422,,444.0,381
DC201,Common Entry into Science (Undenominated Entry),,,498,488,477.0,454
DC202,Sport Science and Health                          ,511  ,,500,498,476.0,467
DC203,Science Education,462  ,,435,,476.0,424
DC204,Athletic Therapy and Training,558  ,,522,519,500.0,484
DC205,Physical Education with Biology                   ,565  ,,531,,521.0,490
DC206,Physical Education with Mathematics               ,521  ,,499,,476.0,443
DC207,Psychology and Mathematics                        ,521  ,,,,,
DC208,Psychology,565  ,,532,521,521.0,509
DC209,Health and Society,477  ,,465,440,440.0,419
DC210,Psychology and Disruptive Technologies            ,506  ,,,,,
DC215,General Nursing                                   ,456* ,,454,433,443.0,414
DC216,Mental Health Nursing                             ,420  ,,418,403,389.0,368
DC217,Intellectual Disability Nursing                   ,382  ,,370,,362.0,347
DC218,Children`s and General Nursing (Integrated),521* ,,500,498,480.0,467
DC230,Economics  Politics and Law                       ,431  ,,435,,431.0,400
DC231,International Relations                           ,398  ,,397,,445.0,387
DC232,Law and Society (BCL),469  ,,466,,487.0,453
DC235,Education and Training - Daytime Delivery Mode (full-time),302  ,,309,,327.0,307
DC238,Social Sciences and Cultural Innovation           ,387  ,,377,,388.0,358
DC239,"Gaeilge, Iriseoireacht agus na Meáin Dhigiteacha",,,430,,,
DC240,Marketing  Innovation and Technology              ,499  ,,476,474,474.0,451
DC241,Digital Business and Innovation                   ,509  ,,,,,
DC291,Arts (Joint Honours) - Media Studies              ,350  ,,376,,392.0,349
DC292,Arts (Joint Honours) - Law,400  ,,403,,388.0,356
DC293,Arts (Joint Honours) - International Languages    ,379  ,,377,,400.0,369
DC294,Climate and Environmental Sustainability          ,475  ,,,,,
DC295,Arts (Joint Honours) - Politics                   ,349  ,,376,,387.0,348
DK710,Business and Management,,,120,120,,
DK712,Digital Marketing and Public Relations,,,100,100,,
DK721,Computing,,,106,106,,
DK722,Augmented and Virtual Reality,,,144,144,,
DK730,Building Surveying,,,165,,,
DK731,Architectural Technology,,,332,,,
DK732,Construction Management,,,120,,,
DK740,Engineering - Electrical and Electronic Systems,,,179,179,,
DK742,Engineering - Mechanical Engineering,,,166,166,,
DK744,Engineering - Civil Engineering,,,190,157,,
DK750,Hospitality Management,,,176,176,,
DK752,Event Management,,,175,175,,
DK753,Culinary Arts,,,182,182,,
DK767,Community Youth Work (interview),,,240,240,,
DK769,Creative Media,,,165,165,,
DK770,Theatre & Film Practice,,,190,190,,
DK771,Musical Theatre (audition),,,,,,
DK781,Science - Bioscience,,,358,328,,
DK783,Science - Pharmaceutical Science,,,349,317,,
DK784,Veterinary Nursing,,,399,,,
DK810,Accounting and Finance                            ,307  ,307,305,305,391.0,306
DK816,Business Studies                                  ,301  ,301,300,300,357.0,300
DK820,Computing in Games Development,309  ,309,311,311,369.0,307
DK821,Computing in Software Development                 ,320  ,316,302,302,347.0,301
DK822,Augmented and Virtual Reality                     ,320  ,320,307,,,
DK830,Building Surveying                                ,305  ,,336,,349.0,302
DK831,Architectural Technology,368  ,314,389,,366.0,301
DK832,Construction Management                           ,358  ,305,387,,329.0,300
DK843,Engineering (Common Entry)                        ,404  ,391,340,340,402.0,303
DK844,Mechanical Engineering                            ,336  ,336,305,305,,
DK845,Electrical and Electronic Engineering             ,331  ,331,304,304,,
DK846,Civil Engineering                                 ,371  ,371,391,361,,
DK850,International Tourism Management,303  ,303,317,317,,
DK860,Music,,,532,532,649.0,#499
DK861,Arts                                              ,302  ,302,302,302,358.0,300
DK862,Social Care                                       ,322  ,319,301,,338.0,300
DK863,Creative Media                                    ,336  ,320,308,308,376.0,300
DK864,Film and Television Production                    ,308  ,,300,300,332.0,300
DK865,Audio and Music Production,352  ,,301,,346.0,301
DK870,General Nursing                                   ,440* ,440*,403,401,401.0,392
DK872,Intellectual Disability Nursing                   ,367  ,366,336,,317.0,300
DK874,Mental Health Nursing,398  ,,356,,378.0,356
DK876,Early Childhood Studies,300  ,,321,,359.0,305
DK877,Midwifery                                         ,482  ,477,440,,441.0,398*
DK880,Health and Physical Activity                      ,301  ,,328,,367.0,300
DK882,Agriculture (Award options)                       ,342  ,,310,,358.0,303
DK883,Science (Award options),373  ,368,358,321,369.0,300
DK884,Sustainable Agriculture                           ,348  ,,,,,
DK886,Biopharmaceutical Science                         ,379  ,,301,,,
DK887,Environmental Science                             ,377  ,,330,,,
DL821,"English, Media and Cultural Studies",,,212,212,317.0,211
DL822,Arts Management,254  ,,229,229,319.0,209
DL823,Business Management                               ,220  ,,235,,316.0,260
DL825,Applied Psychology                                ,418  ,413,379,,413.0,349
DL826,Graphic Design                                    ,#591 ,,855,,989.0,#736
DL827,Art,#574 ,,572,,902.0,#583
DL828,"3D Design, Modelmaking and Digital Art",,,506,,866.0,#691
DL829,Design for Stage and Screen (Costume Design),,,593,,1021.0,#817
DL830,Design for Stage and Screen (Character Makeup Design),,,939,,953.0,#879
DL831,Design for Stage and Screen (Production Design),,,781,,1073.0,#893
DL832,Animation,#989 ,,920,,1055.0,#855
DL833,Photography,#671 ,#671,650,,791.0,#636
DL834,Film and Television Production,,,990,,1011.0,#933
DL835,Creative Media Technologies,,,,,289.0,237
DL836,Creative Computing                                ,235  ,,219,,326.0,217
DL837,New Media Studies                                 ,298  ,293,201,,349.0,290
DL838,Creative Music Production,#713 ,,754,,873.0,#746
DL839,Interaction and User Experience Design            ,#757 ,,683,683,,
DL840,Digital Marketing                                 ,210  ,,228,228,,
DL841,English and Equality Studies                      ,277  ,277,276,,,
DL843,Film                                              ,#987 ,#874,,,,
DL844,Television                                        ,#566 ,,,,,
DL845,Design for Film (degree options)                  ,#628 ,,,,,
DN100,Architecture,555  ,,510,,509.0,473
DN120,Landscape Architecture,463  ,435,407,,403.0,353
DN130,City Planning and Environmental Policy            ,445  ,424,407,400,421.0,367
DN150,Engineering (Common Entry)                        ,565* ,,531,521,554.0,511
DN200,Science (options)                                 ,577  ,567,533,,554.0,521
DN201,Computer Science (Common Entry),554  ,549,510,,509.0,488
DN230,Actuarial and Financial Studies                   ,613* ,613*,601,,589.0,577
DN240,Sustainability                                    ,510  ,,440,,,
DN250,Agricultural Science (options)                    ,454  ,444,456,455,462.0,420
DN252,Dairy Business,,,410,,428.0,398
DN253,Agri - Environmental Sciences,,,418,,419.0,403
DN261,Food Science,531  ,,477,,467.0,434
DN262,Human Nutrition                                   ,566  ,,531,,510.0,493
DN271,Forestry,,,311,,361.0,303
DN272,"Horticulture, Landscape and Sportsturf Management",,,297,282,312.0,252
DN300,Veterinary Medicine - Undergraduate Entry,#601*,,589,,589.0,#567
DN310,Veterinary Nursing                                ,521  ,509,478,477,487.0,441
DN400,Medicine - Undergraduate Entry (HPAT required),#743*,,737,736,745.0,#735
DN401,Medicine - Graduate Entry (GAMSAT required),#61* ,,,,61.0,#59*
DN410,Radiography,566* ,566*,534,532,522.0,507
DN420,Physiotherapy                                     ,601* ,601*,578,577,555.0,542
DN425,Health and Performance Science                    ,544  ,543,510,509,509.0,488
DN430,Sport and Exercise Management,484  ,476,455,445,455.0,436
DN440,Biomedical  Health and Life Sciences              ,613* ,613*,590,589,579.0,565*
DN450,General Nursing                                   ,462* ,,429,424,420.0,398
DN451,Children`s and General Nursing (Integrated)       ,533  ,,509,506,499.0,462*
DN452,Midwifery,510  ,509*,489,476,452.0,409
DN453,Mental Health Nursing                             ,442  ,,397,393,403.0,379
DN520,Joint Honours (options)                           ,381  ,378,310,,408.0,336
DN530,Humanities (options),397  ,388,340,336,411.0,348
DN541,Modern Languages (options)                        ,320  ,,303,,412.0,348
DN600,Law (options)                                     ,576  ,567*,546,544,532.0,520*
DN610,Business and Law,573  ,567,545,,543.0,521
DN650,Commerce,555  ,,521,521,510.0,498*
DN660,Commerce International (options),555  ,554*,517,511,531.0,507
DN670,Economics and Finance,625* ,625,613,,601.0,601
DN700,Social Sciences (options)                         ,475  ,474,421,419,441.0,388
DN710,Economics                                         ,534  ,532*,498,498,488.0,476
DN720,Psychology                                        ,566  ,564,530,522,531.0,517
DN750,Social Policy and Sociology,421  ,,378,,366.0,330
DT001,Product Design,,,,,464.0,433
DT028,Transport Operations and Technology,,,,,348.0,279
DT035,Electrical Services and Energy Management,,,,,340.0,293
DT066,Engineering (General Entry),,,,,457.0,400
DT101,Architecture (test and interview),,,,,647.0,#618
DT106,Planning and Environmental Management,,,,,337.0,312
DT110,Property Economics (Valuation Surveying),,,,,424.0,367
DT111,Quantity Surveying and Construction Economics,,,,,421.0,391
DT112,Geographic Science,,,,,335.0,287
DT117,Construction Management,,,,,373.0,356
DT175,Architectural Technology,,,,,425.0,388
DT201,Science (General Entry),,,,,477.0,464
DT203,Analytical Chemistry (Environmental Forensic and Pharmaceutical),,,,,403.0,341
DT204,Biomedical Science,,,,,512.0,501
DT205,Mathematical Sciences,,,,,363.0,315
DT206,Biomedical and Molecular Diagnostics,,,,,487.0,473
DT211,Computer Science (Infrastructure),,,,,414.0,381
DT220,Industrial Mathematics,,,,,317.0,300
DT221,Physics with Energy and Environment,,,,,436.0,348
DT222,Physics Technology,,,,,371.0,321
DT223,Human Nutrition and Dietetics,,,,,566.0,553
DT224,Optometry,,,,,529.0,487
DT225,Public Health Nutrition,,,,,476.0,440
DT227,Science with Nanotechnology,,,,,361.0,312
DT228,Computer Science,,,,,466.0,451
DT229,Clinical Measurement Science,,,,,509.0,491
DT235,Physics with Medical Physics and Bioengineering,,,,,403.0,357
DT282,Computer Science (International),,,,,402.0,377
DT299,Chemical Sciences with Medicinal Chemistry,,,,,445.0,420
DT302,Business Analytics,,,,,403.0,325
DT304,E-Commerce in Retailing,,,,,388.0,341
DT321,Business and Law,,,,,478.0,462
DT341,Marketing,,,,,419.0,400
DT343,Retail and Services Management,,,,,332.0,301
DT354,Business Computing,,,,,341.0,322
DT358,Logistics and Supply Chain Management,,,,,359.0,300
DT365,Business and Management,,,,,456.0,440
DT366,Accounting and Finance,,,,,454.0,432
DT398,Human Resource Management,,,,,388.0,375
DT399,Economics and Finance,,,,,465.0,437
DT401,International Hospitality Management,,,,,337.0,300
DT405,Culinary Science,,,,,377.0,308
DT407,Culinary Arts,,,,,342.0,271
DT412,Tourism Marketing,,,,,322.0,284
DT413,Event Management,,,,,389.0,356
DT416,Culinary Entrepreneurship,,,,,339.0,275
DT420,Nutraceuticals in Health and Nutrition,,,,,432.0,392
DT421,Food Innovation,,,,,366.0,321
DT422,Pharmaceutical Healthcare,,,,,423.0,397
DT491,Environmental Health,,,,,380.0,343
DT501,Music,,,,,520.0,#383
DT504,Film and Broadcasting,,,,,467.0,443
DT506,Commercial Modern Music,,,,,835.0,#468
DT508,Game Design,,,,,454.0,403
DT517,Languages and English Studies,,,,,419.0,326
DT518,Languages and International Tourism,,,,,357.0,307
DT529,Drama (Performance),,,,,519.0,#371
DT532,Law (LL.B.),,,,,441.0,422
DT544,Interior Design,,,,,866.0,#552
DT545,Design - Visual Communication,,,,,897.0,#667
DT546,Fine Art,,,,,813.0,#668
DT555,International Business and Languages,,,,,399.0,353
DT559,Photography,,,,,926.0,#700
DT571,Social Care,,,,,424.0,394
DT572,Early Childhood Education,,,,,403.0,385
DT582,Journalism,,,,,373.0,347
DT596,Print Media Technology and Management,,,,,311.0,252
DT597,Creative and Cultural Industries,,,,,369.0,280
GA160,Business,,,163,163,,
GA174,Marketing and Sales,,,281,,,
GA175,Finance,,,278,,,
GA181,Accounting                                        ,303  ,,309,,378.0,303
GA182,Business                                          ,285  ,,287,,347.0,290
GA183,Business Information Systems                      ,298  ,,296,,373.0,309
GA184,Marketing and Sales,300  ,,307,,348.0,307
GA185,Finance and Economics                             ,318  ,,293,,398.0,307
GA186,Business with Entrepreneurship                    ,287  ,,280,,328.0,297
GA187,Rural Enterprise and Agri-Business                ,291  ,,281,,367.0,280
GA272,Heritage Studies,,,188,188,,
GA273,Contemporary Art,,,702,,,
GA281,Film and Documentary                              ,310  ,301,304,,360.0,287
GA282,Heritage Studies                                  ,252  ,,220,,308.0,238
GA283,Contemporary Art (portfolio)                      ,#790 ,,679,,340.0,260
GA284,Design                                            ,331  ,,303,,377.0,309
GA285,"Education (Art, Design and Graphics)",406  ,,,,,
GA360,Business in Tourism,,,172,172,,
GA361,Culinary Arts,,,193,,,
GA362,Hotel and Hospitality Operations,,,240,228,,
GA364,Heritage Studies,,,252,252,,
GA370,Hotel and Catering Management,,,198,,,
GA376,Event Management with Public Relations,,,206,187,,
GA377,International Tourism Management,,,172,,,
GA380,International Hotel Management                    ,218  ,,242,,289.0,225
GA381,International Tourism Management,252  ,,278,,290.0,261
GA382,Culinary and Gastronomic Science                  ,235  ,,206,,316.0,225
GA384,Event Management with Public Relations            ,230  ,,212,,289.0,209
GA385,Retail Management,,,,,319.0,219
GA470,Construction Management,,,244,243,,
GA472,Architectural Technology,,,226,,,
GA480,Construction Management                           ,302  ,,260,,312.0,260
GA482,Quantity Surveying and Construction Economics     ,304  ,,288,,340.0,280
GA483,Architectural Technology                          ,281  ,273,265,,321.0,251
GA484,Civil Engineering                                 ,377  ,,290,,362.0,270
GA580,Software and Electronic Engineering               ,300  ,,300,,351.0,301
GA670,Mechanical Engineering,,,265,,,
GA680,Mechanical Engineering                            ,400  ,,330,,389.0,336
GA681,Energy Engineering,312  ,,293,,328.0,281
GA682,Biomedical Engineering                            ,331  ,,313,,383.0,331
GA683,Agricultural Engineering                          ,304  ,,309,,365.0,301
GA684,Engineering Common Entry to Manu/Agri/Biomed/Energ,413  ,,340,,406.0,346
GA685,Manufacturing Engineering Design,336  ,,309,,,
GA773,Physics and Instrumentation,,,299,,,
GA774,Science (Undenominated),,,289,,,
GA780,Applied Freshwater and Marine Biology,366  ,,327,,360.0,300
GA781,Applied Biology and Biopharmaceutical Science,381  ,,337,,376.0,317
GA782,Chemical and Pharmaceutical Science               ,356  ,,336,,346.0,307
GA783,Physics and Instrumentation                       ,301  ,,363,,378.0,373
GA784,Science (Undenominated)                           ,445  ,,372,,377.0,327
GA785,Medical Science,517  ,510,473,,486.0,451
GA786,Forensic Science and Analysis                     ,408  ,,317,,366.0,300
GA787,Computing in Software Development                 ,310  ,,270,,327.0,275
GA788,Computing and Digital Media                       ,270  ,,274,,327.0,270
GA789,Agriculture and Environmental Management,340  ,,287,,339.0,297
GA790,Sport and Exercise Science                        ,376  ,366,356,,379.0,350
GA791,Public Health Nutrition                           ,368  ,,368,,397.0,364
GA862,History & Geography,,,178,,,
GA864,Early Childhood Education and Care,,,214,204,,
GA870,Outdoor Education and Leisure,,,182,171,,
GA872,Culture and Environment,,,196,,,
GA880,General Nursing                                   ,440* ,,429,422,400.0,389*
GA882,Psychiatric Nursing                               ,369  ,,367,,370.0,346
GA885,Outdoor Education                                 ,269  ,,252,,298.0,210
GA887,History and Geography,201  ,,244,,296.0,228
GA889,Applied Social Care - Mayo Campus,265  ,,266,,297.0,260
GA890,Early Childhood Education and Care                ,281  ,227,270,,319.0,278
GA891,Geography and Outdoor Education                   ,261  ,,244,,,
GA980,Education (Design Graphics and Construction)      ,410  ,,377,,389.0,376
GA981,Furniture Design and Manufacture - Letterfrack Campus,346  ,,,,350.0,271
GA982,Furniture Making and Architectural Woodworking    ,360  ,,,,352.0,270
GA984,Furniture Design  Making and Technology - Common E,486  ,467,284,,,
GC200,Business                                          ,269  ,242,252,252,359.0,269
GC201,Accounting and Finance,260  ,226,303,303,388.0,251
GC230,Computing Science                                 ,300  ,289,335,325,327.0,228
GC300,Business                                          ,264  ,264,429,,302.0,251
GC301,Accounting and Finance                               ,,251,253,253,314.0,307
GC302,Business Studies - HRM,377  ,377,,,269.0,269
GC305,International Hospitality Management,,,253,253,327.0,327
GC306,International Hospitality Management,,,253,253,,
GC307,Business (Marketing)                              ,289  ,270,,,,
GC335,Computing,,,217,195,,
GC400,Business                                          ,250  ,228,248,248,297.0,246
GC401,Accounting and Finance,242  ,242,240,227,309.0,181
GC402,"Business Studies (HRM, Dublin)",,,264,236,290.0,217
GC403,Law                                               ,245  ,242,244,228,308.0,225
GC405,International Hospitality Management (Dublin),,,,,272.0,254
GC407,Business (Marketing)                              ,264  ,264,280,280,330.0,246
GC410,Marketing,,,145,,,
GC411,Business,,,135,135,,
GC430,Computing Science (Dublin),251  ,251,252,220,269.0,217
GC450,Communications and Media Production               ,225  ,225,254,254,307.0,227
GC462,Design Communication (portfolio)                  ,#300 ,,,,,
GC470,Photographic Media,,,169,169,,
GC475,Photography,,,150,150,,
GC489,Interior Architecture (portfolio)                 ,#288 ,#274,254,,361.0,#267
GC490,Interior Design,,,117,117,,
GC494,Fashion Design (portfolio)                        ,#351 ,,337,217,,#
GC495,Fashion,,,129,129,,
GY101,Arts (Joint-Honours)                              ,327  ,326,300,,374.0,300
GY104,Arts (Psychology),564  ,555,523,520,529.0,507
GY105,Arts (History)                                    ,357  ,,301,,358.0,318
GY107,Na Dána (Gaeilge agus Léann an Aistriúcháin),,,409,,397.0,330
GY109,Arts (Mathematics and Education)                  ,413  ,,403,,487.0,411
GY110,Arts with Children's Studies,387  ,,357,,409.0,382
GY111,Arts (English and Creative Writing)               ,421  ,420,330,,472.0,402
GY112,Arts with Film Studies,,,321,,370.0,338
GY113,Arts with Human Rights                            ,413  ,,368,,409.0,338
GY115,Arts with Performing Arts Studies,300  ,,387,,367.0,328
GY118,Arts (Drama  Theatre and Performance Studies)     ,453  ,430,451,,451.0,410
GY119,Arts (Journalism)                                 ,484  ,473,400,,475.0,410
GY120,"Arts (Child, Youth and Family: Policy and Practice)",,,350,,346.0,309
GY121,Arts (Children's Studies),,,356,,389.0,356
GY122,Na Dána (Cumarsáid agus Gaeilge) ,410  ,,361,,399.0,308
GY123,Applied Social Sciences                           ,419  ,,358,,388.0,357
GY124,Arts (Arts with Data Science),,,454,,466.0,434
GY125,Arts (Digital Arts and Technology)                ,403  ,,328,,379.0,324
GY126,Arts (English and Media Studies),,,391,,451.0,418
GY127,Arts (Film and Digital Media),430  ,421,401,,435.0,387
GY128,Arts (Global Languages)                           ,346  ,,352,,440.0,370
GY129,Arts (Global Experience)                          ,465  ,,420,,477.0,408
GY130,Arts (Music),462  ,,408,,444.0,400
GY131,Arts (History and Globalisation Studies),,,360,,431.0,340
GY132,"Government (Politics, Economics and Law)",465  ,451,407,,444.0,402
GY133,Education (Computer Science and Mathematical Studies),454  ,,422,,466.0,401
GY134,Geography and Geosystems                          ,425  ,,410,,,
GY135,Arts (Global Media)                               ,442  ,,,,,
GY136,Na D�na (L�ann Teanga - options)                  ,526  ,,,,,
GY201,Commerce                                          ,476  ,,433,,453.0,420
GY202,Commerce (International) with French              ,520  ,,484,,513.0,484
GY203,Commerce (International) with German              ,518  ,,489,,541.0,489
GY204,Commerce (International) with Spanish,506  ,,495,,500.0,484
GY206,Business Information Systems (Work Placement and O,509  ,,465,,445.0,431
GY207,Commerce (Accounting) including optional Global Ex,543  ,,509,,510.0,486
GY208,Commerce (Gaeilge)                                ,508  ,,473,,488.0,473
GY209,Commerce (Global Experience),551  ,,530,,531.0,509
GY250,Law & Business,510  ,,487,,467.0,436
GY251,Law (BCL)                                         ,542  ,,499,,498.0,473
GY252,Law (BCL) and Human Rights                        ,565  ,,520,,521.0,510
GY253,Law and Taxation                                  ,506  ,,509,,,
GY254,"Law (BCL), Criminology and Criminal Justice",548  ,,530,,,
GY261,"Business Studies (International Hotel Management, Shannon)",#503 ,,497,,615.0,#486
GY262,Commerce in International Hotel Management (interv,#709 ,,681,,726.0,#671
GY301,Science,489  ,488,433,432,456.0,400
GY303,Biomedical Science,613  ,,556,,566.0,533
GY304,Biotechnology,498  ,495,465,,507.0,473
GY308,Environmental Science                             ,431  ,430,408,,440.0,413
GY309,Financial Mathematics and Economics               ,509  ,,487,,498.0,454
GY310,Marine Science                                    ,467  ,,419,,456.0,409
GY313,Environmental Health and Safety,412  ,,412,,435.0,402
GY314,Earth and Ocean Sciences                          ,422  ,,403,,425.0,402
GY318,Biopharmaceutical Chemistry                       ,555  ,,509,,532.0,510
GY319,Mathematical Science                              ,543  ,,476,,531.0,456
GY320,"Physics (Degree options: Applied,Astrophysics,Biomedical,Theoretical)",465  ,,402,,487.0,401
GY321,Genetics and Genomics                             ,532  ,,508,,,
GY322,Agricultural Sciences                             ,485  ,,,,,
GY350,Computer Science and Information Technology       ,495  ,,403,,466.0,425
GY401,Engineering (Undenominated)                       ,522  ,520,465,,499.0,444
GY402,Civil Engineering,533  ,521,455,,543.0,509
GY405,Mechanical Engineering                            ,541  ,,454,,499.0,443
GY406,Electronic and Computer Engineering               ,555  ,,510,,547.0,509
GY408,Biomedical Engineering                            ,554  ,,509,,543.0,519
GY410,Project and Construction Management,431  ,,403,,464.0,434
GY413,Energy Systems Engineering,509  ,,502,,589.0,532
GY414,Electrical and Electronic Engineering             ,433  ,,405,,487.0,454
GY501,Medicine (five year/six year course  HPAT required,#737*,#737*,728,,731.0,#726*
GY502,Occupational Therapy                              ,601  ,,555,,543.0,532
GY503,Speech and Language Therapy,578  ,,543,,543.0,529
GY504,Podiatric Medicine                                ,531  ,526,443,,463.0,434
GY515,General Nursing (Galway and Portiuncula)          ,502  ,496,476,473,466.0,442
GY516,Mental Health Nursing                             ,475  ,441,440,,413.0,388
GY517,Midwifery,520  ,509,495,,468.0,429
ID001,Accounting and Finance,,,203,,291.0,229
ID002,Business Studies                                     ,,,294,,366.0,285
LC110,Art and Design (Common Entry  portfolio)          ,#794 ,,740,,918.0,#734
LC114,Fashion and Textiles for Product and Costume (portfolio),#914 ,,880,,988.0,#900
LC115,Art and Design Teacher Education (portfolio),#993 ,,942,,,
LC220,Digital Marketing                                 ,263  ,,262,,288.0,254
LC222,Marketing and Management,,,270,,,
LC223,Law and Taxation,331  ,,307,,372.0,308
LC224,Accounting and Finance,300  ,,300,,382.0,299
LC225,Marketing and Management,298  ,,298,,337.0,298
LC226,Enterprise and Innovation                         ,255  ,,234,234,298.0,216
LC233,Software Development                              ,280  ,,272,,371.0,300
LC234,Interactive Digital Media,226  ,,225,,288.0,219
LC236,Internet Systems Development                      ,260  ,,262,260,319.0,298
LC239,Computer Networks and Systems Management          ,317  ,,307,,347.0,335
LC241,Construction Management,326  ,,255,,303.0,276
LC242,Property Valuation and Management,308  ,,282,,328.0,292
LC243,Quantity Surveying                                ,278  ,,294,,360.0,281
LC248,Built Environment (Common Entry)                  ,300  ,,288,,350.0,307
LC251,Civil Engineering,,,206,,,
LC252,Civil Engineering Management                      ,264  ,,270,,331.0,281
LC257,Interior Design,,,264,,,
LC260,Applied Biology,,,326,,,
LC263,Medical Technology                                ,391  ,,294,,359.0,282
LC265,Forensic and Pharmaceutical Sciences              ,498  ,,413,,368.0,335
LC266,Drug and Medicinal Product Analysis               ,252  ,,262,,299.0,236
LC267,Forensic and Pharmaceutical Sciences,,,329,,,
LC275,Electrical Engineering,361  ,347,298,,340.0,288
LC276,Creative Broadcast and Film Production,,,297,,,
LC277,Industrial Automation and Robotic Systems,,,232,,,
LC285,Mechanical Engineering,,,272,,,
LC288,Mechanical Engineering,378  ,369,347,346,360.0,307
LC289,Precision Engineering                             ,261  ,,291,,369.0,280
LC292,Social Care Work                                  ,374  ,,367,,389.0,360
LC293,Business Studies with Travel and Tourism Managemen,271  ,264,307,,326.0,299
LC294,Business Studies with Event Management,279  ,,279,,300.0,271
LC295,Business Studies with Sports Management           ,262  ,,252,,298.0,263
LC297,Community and Addiction Studies                   ,272  ,262,235,,269.0,217
LC320,Business                                          ,381  ,,346,,378.0,337
LC330,Business with Computing,328  ,308,297,,326.0,298
LC340,Interior Design                                   ,391  ,368,350,,349.0,298
LC362,Biotechnology and Biopharmaceutical Sciences      ,429  ,,413,,402.0,379
LC371,Creative Broadcast and Film Production            ,325  ,310,309,,339.0,298
LC372,Music Technology and Production,377  ,,325,,369.0,321
LC374,Renewable and Electrical Energy Engineering,337  ,319,318,,368.0,317
LC375,Industrial Automation and Robotic Systems         ,309  ,,317,,368.0,321
LC376,Electronic Engineering with Computer Systems      ,357  ,,318,,346.0,308
LC380,Automotive Engineering and Transport Management   ,298  ,,303,298,329.0,282
LC392,Beauty and Spa Management,328  ,317,236,,318.0,217
LC393,Early Childhood Education and Care                ,309  ,276,236,,309.0,260
LC399,Hospitality Supervision,,,148,,,
LC401,Early Childhood Education and Care,,,297,,387.0,298
LC402,Social Care Work                                  ,228  ,,225,,290.0,209
LC408,Environmental Science and Climate,279  ,,279,,346.0,262
LC411,Marketing and Management (Thurles),,,,,300.0,226
LC414,Data Analytics and Cyber Security,,,236,,,
LC415,Business,,,197,,,
LC416,Business                                          ,260  ,,274,,,
LC418,Computing - Games Design and Development          ,260  ,256,270,,318.0,271
LC422,Applied Strength and Conditioning                 ,289  ,,298,,333.0,288
LC423,Sports Strength and Conditioning,,,157,,,
LC432,Early Childhood Education and Care,,,144,,,
LC434,Environmental Science and Agriculture,,,297,,347.0,278
LC502,Game Art and Design (portfolio)                   ,#841 ,,852,,950.0,#838
LC504,Creative Media and Design,,,192,,,
LC517,Creative Media and Design                         ,279  ,,234,,273.0,229
LC518,"Digital Animation Production (Clonmel, portfolio)",#807 ,,808,,962.0,#816
LC603,Early Childhood Education and Care,,,147,,,
LC612,Social Care Work                                  ,309  ,,320,,338.0,319
LC613,Early Childhood Education and Care,,,242,,388.0,346
LM002,Arts                                              ,360* ,360,348,,388.0,329
LM019,Social Sciences                                   ,451  ,,,,,
LM020,Law and Accounting,474  ,,465,,476.0,436
LM026,Performing Arts (audition format TBC)             ,#329 ,,303,,367.0,#307
LM028,Criminal Justice                                  ,420  ,,418,,409.0,387
LM029,Law Plus,530  ,,490,,499.0,473
LM038,Psychology and Sociology,530  ,,500,,489.0,478
LM039,Journalism and Digital Communication              ,432  ,,402,,430.0,388
LM040,European Studies                                  ,409  ,,369,,462.0,350
LM044,Applied Languages                                 ,429  ,,442,,473.0,404
LM050,Business Studies (options),451  ,,431,,455.0,419
LM056,International Business                            ,555* ,,528,,543.0,511
LM058,Financial Mathematics                             ,468  ,,403,,543.0,434
LM063,Technology Management                             ,410  ,,379,,409.0,372
LM066,Environmental Science                             ,430  ,,,,,
LM068,Food Science and Health,464* ,,421,,430.0,400
LM076,Product Design and Technology (portfolio required),#401 ,,408,,466.0,#402
LM077,Aeronautical Engineering                          ,567  ,,520,,531.0,469
LM082,Construction Management and Engineering           ,446* ,,398,,404.0,368
LM089,Sport and Exercise Sciences,498* ,,474,,466.0,441
LM090,Physical Education with concurrent Teacher Educati,552  ,544*,532,,520.0,498*
LM091,Languages with concurrent Teacher Education       ,506  ,,517,,,
LM092,Science with Teacher Ed (Biology with Physics/Chem,521  ,,507,,509.0,478
LM093,Equine Science,367  ,,339,,381.0,338
LM094,Materials and Architectural Technology with concurrent Teacher Education,475  ,,440,,433.0,405
LM095,Materials and Engineering Technology with concurre,425  ,,367,,409.0,358
LM096,Science with Teacher Ed (Physical Sciences with Ch,454  ,,405,,422.0,382
LM097,Mathematics and Computer Science with concurrent T,465  ,,402,,,
LM099,Architecture (portfolio required),520  ,,498,,473.0,#419
LM100,Physiotherapy                                     ,613* ,,589,,577.0,565*
LM101,Medicine  - Graduate Entry (GAMSAT required)      ,#57* ,,55,,57.0,#55*
LM102,Psychology                                        ,534  ,,509,,519.0,495
LM103,Paramedic Studies (B/C1/C1 Provisional Drivers Licence),#429 ,,392,,403.0,#313
LM105,Exercise and Health Fitness Management            ,441  ,,,,,
LM115,Chemical and Biochemical Engineering,476  ,,454,,520.0,456
LM116,Engineering (Biomedical/Civil/Design and Manufactu,498* ,,476,,498.0,434
LM118,Electronic and Computer Engineering               ,445  ,,403,,498.0,401
LM121,Computer Science (Computer Systems/Games Dev/Cyber,402  ,,351,,420.0,352
LM122,Creative Media and Interaction Design (Digital Design/Music Media Tech),382  ,,327,,430.0,330
LM123,Biological and Chemical Sc. (Biosci/Envir Sci/Ind ,498* ,,441,,455.0,412
LM124,Mathematics (Math Science/Maths and Physics/Econom,455  ,,437,,521.0,427
LM125,Physics (Applied Physics or Mathematics and Physic,489  ,,404,,509.0,405
LM150,General Nursing,498* ,487,475,,463.0,440*
LM152,Mental Health Nursing                             ,478  ,466,419,,418.0,388
LM154,Intellectual Disability Nursing                   ,462  ,443,420,,408.0,381*
LM156,Midwifery                                         ,521* ,508,469,,444.0,429
LM180,Equine Science,,,337,,,
LY107,Business - Common Entry,,,161,161,,
LY108,Business - Accounting,312  ,,309,,399.0,318
LY118,Business                                          ,288  ,,290,,352.0,287
LY128,Marketing with Online Technologies                ,261  ,261,,,,
LY206,Sports Studies,,,149,148,,
LY207,Law with Criminal Justice,,,160,160,,
LY208,Law,300  ,290,300,,359.0,300
LY218,Business - with Spanish/Irish options,,,,,367.0,298
LY228,Sports and Exercise - Common Entry,290  ,,300,,330.0,278
LY317,Culinary Arts,,,229,224,,
LY327,Hospitality And Tourism - Common Entry,,,170,170,,
LY408,Design - Common Entry                             ,#301 ,,320,,368.0,#307
LY427,Digital Film and Video,,,172,170,,
LY437,Animation,,,198,223,,
LY447,Fashion with Promotion,,,266,279,,
LY457,Graphic and Digital Design,,,179,204,,
LY507,Quantity Surveying,,,181,181,,
LY508,Fire Safety Engineering,283  ,,276,,299.0,270
LY518,Quantity Surveying                                ,304  ,,301,,368.0,307
LY527,Civil Engineering,,,165,163,,
LY528,Construction Management                           ,262  ,,271,,291.0,267
LY538,Architectural Technology                          ,234  ,234,,,,
LY607,Electronic Engineering,,,160,,,
LY608,Mechanical Engineering                            ,300  ,,300,,333.0,304
LY617,Mechanical Engineering,,,180,180,,
LY618,Electronic Engineering                            ,321  ,,312,,339.0,307
LY708,Applied Computing                                 ,320  ,,306,,348.0,300
LY717,Computing,,,164,160,,
LY748,Computer Science                                  ,316  ,,317,317,,
LY816,Dental Nursing,,,233,223,,
LY818,Science - Common Entry                            ,302  ,,303,,371.0,302
LY826,Health Science with Physiotherapy Studies,,,456,401,,
LY828,Agriculture - Common Entry                        ,308  ,300,307,,342.0,300
LY836,Health Science with Occupational Therapy Studies,,,473,408,,
LY837,Food Science and Nutrition,,,194,194,,
LY846,Health Science with Dietetics Studies,,,316,316,,
LY847,Veterinary Nursing,,,367,367,,
LY877,Agriculture,,,202,181,,
LY906,"Early Childhood Care, Health and Education",,,205,161,,
LY908,General Nursing                                   ,429* ,,400,,390.0,383
LY916,Health and Social Care,,,181,,,
LY918,Psychiatric Nursing                               ,367* ,,357,,332.0,291*
LY928,Intellectual Disability Nursing                   ,357  ,,326,,299.0,288
LY968,"Early Childhood Care, Health and Education",288  ,,303,,336.0,300
LY978,Health and Social Care - Common Entry             ,279  ,,280,,299.0,260
MH001,Education - Primary Teaching (Froebel)            ,564  ,,507,,520.0,496*
MH002,Education - Primary Teaching - Gaeltacht Applicant   ,,,,,,#441*
MH003,Early Childhood - Teaching and Learning (full-time,381  ,,,,,
MH101,Arts,338  ,336,318,,369.0,316
MH103,Music                                             ,#    ,,#,,367.0,#
MH106,Psychology - 3 years                              ,554  ,,521,,499.0,495
MH107,Social Science                                    ,390  ,,346,,349.0,326
MH109,Media Studies,324  ,,316,,377.0,317
MH116,Community and Youth Work (Full-Time)              ,#    ,,#,,271.0,#
MH201,Science                                           ,401  ,400,360,,392.0,350
MH202,Biotechnology                                     ,490  ,489,455,,446.0,429
MH203,Biological and Geographical Sciences,451  ,,430,,,
MH204,Physics with Astrophysics,422  ,,422,,488.0,420
MH206,Theoretical Physics and Mathematics               ,521  ,,510,,566.0,498
MH207,Data Science                                      ,444  ,,445,,466.0,434
MH208,Biological and Biomedical Sciences                ,543  ,,498,,476.0,451
MH209,Psychology (through Science) - 4 years,529  ,,498,,485.0,473
MH210,Pharmaceutical and Biomedical Chemistry           ,510  ,,487,,466.0,446
MH212,Science|Maths and Computer Science|Mathematics (wi,452  ,443,422,,476.0,444
MH304,Engineering (Computer/Electronic/Communications)  ,351  ,351,333,333,423.0,371
MH305,Product Design,326  ,,357,,411.0,358
MH306,Robotics and Intelligent Devices,362  ,,361,,424.0,361
MH401,Finance (options)                                 ,370  ,,357,,392.0,352
MH402,Quantitative Finance                              ,476  ,,476,,487.0,476
MH403,Accounting and Finance                            ,424  ,,422,,432.0,402
MH404,Business (options),441  ,,430,,429.0,400
MH405,Equine Business,,,357,,398.0,357
MH407,Business and Accounting                           ,423  ,,420,,420.0,401
MH411,Entrepreneurship,378  ,,371,,388.0,358
MH501,LLB Law - four year Single Major Law programme,507  ,,473,,476.0,451
MH502,Law (options),465  ,,451,,442.0,410
MH601,Computer Science through Arts (options)           ,381  ,,352,,369.0,342
MH602,Computer Science through Science (options)        ,400  ,,351,,413.0,357
MH603,Computational Thinking                            ,520  ,,532,,543.0,520
MH801,Early Childhood - Teaching and Learning (part-time),AQA  ,AQA,327,,358.0,347
MH802,Community and Youth Work (part-time  in service)     ,,#,#,#,,#
MI001,Contemporary and Applied Theatre Studies          ,209  ,,375,,381.0,345
MI002,Arts (offered in conjunction with the University of Limerick),280  ,,300,281,378.0,300
MI004,Education - Primary Teaching - International,589  ,,577,,,
MI005,Education - Primary Teaching                      ,522  ,,495,,506.0,473*
MI006,Education - Primary Teaching - Gaeltacht Applicant,#485 ,,456,,473.0,#442
MI007,Early Childhood Care and Education                ,409  ,,357,,402.0,366
MI008,Education and Psychology - Primary Teaching       ,590  ,,588,,555.0,543
MI009,"Education, Business Studies and Accounting (Thurles Campus)",434  ,,402,,420.0,392
MI010,Education  Business Studies and Religious Studies ,370  ,,368,,355.0,326
MI011,Education  Gaeilge and Religious Studies          ,407  ,,409,,387.0,377
MI012,"Education, Irish and Business Studies (Thurles Campus)",387  ,,401,,440.0,398
MI013,"Education, Mathematics and Gaeilge (Thurles Campus)",509  ,,444,,465.0,433
MI014,Education  Mathematics and Business Studies       ,476  ,,434,,,
MU001,Theology and Arts                                 ,294  ,294,290,290,318.0,290
MU002,Theology                                             ,,,440,,377.0,292
NC003,Computing (Degree Award options)                  ,271  ,,260,,316.0,261
NC005,Human Resource Management,301  ,,300,,320.0,297
NC009,Business                                          ,300  ,,300,,339.0,297
NC010,Psychology                                        ,420  ,,400,,399.0,366
NC020,Marketing Practice                                ,270  ,,280,,307.0,270
NC022,Accounting and Finance,330  ,,337,,376.0,338
NC023,Technology Management (with specialisations)      ,266  ,,261,,303.0,260
NC025,Data Science,,,,,371.0,297
NC030,Early Childhood Education and Care                ,251  ,251,,,,
NM701,Montessori Education,,,187,,,
NM801,Montessori Education,262  ,,220,,,
NM802,Psychology                                        ,228  ,,,,,
PC402,Arts and Humanities,,,200,121,,
PC404,Applied Social Studies - Professional Social Care,,,217,197,,
PC405,Social  Political and Community Studies           ,263  ,235,253,216,296.0,251
PC410,Arts and Humanities (fulfils Teaching Council requirements),262  ,230,252,209,289.0,203
PC411,English and History (fulfils Teaching Council requirements),243  ,224,255,209,289.0,168
RC001,Medicine - Undergraduate Entry (HPAT required),#741 ,#740*,733,,733.0,#729
RC004,Physiotherapy                                     ,589* ,589*,566,,542.0,532*
RC005,Pharmacy                                          ,613* ,613,579,,566.0,555
RC101,Medicine - Graduate Entry (GAMSAT required)          ,,,,,62.0,#60
SG102,Computing (Level 6 - General Entry),,,254,,,
SG134,Applied Sport with Business,,,215,,,
SG137,Computing (Computer Networks and Cloud Infrastructure),,,324,,,
SG141,Business                                          ,262  ,,261,,317.0,252
SG142,Business in International Marketing and Languages (French),,,279,,388.0,270
SG144,Business in International Marketing and Sales with Spanish,,,270,,388.0,280
SG145,Business and ICT                                  ,279  ,,,,,
SG146,Accounting                                        ,304  ,,309,,347.0,307
SG147,Sport with Business                               ,288  ,,307,,316.0,269
SG148,Tourism with Event Management                     ,298  ,,269,,282.0,246
SG149,Business in Finance and Investment,,,,,357.0,262
SG150,Business in Marketing                             ,298  ,,,,,
SG231,Fine Art,,,449,449,,
SG232,Creative Design,,,273,,,
SG235,Performing Arts (Theatre Design),,,319,,,
SG241,Performing Arts                                   ,341  ,,328,,348.0,279
SG242,Early Childhood Care and Education                ,287  ,,279,,318.0,278
SG243,Social Care Practice,309  ,,301,,338.0,297
SG244,Fine Art                                          ,#501 ,,505,,496.0,#355
SG245,Creative Design                                   ,332  ,,282,,338.0,261
SG246,Computing                                         ,316  ,,290,,368.0,295
SG247,English and Psychology,319  ,,309,,336.0,308
SG248,Sociology and Politics                            ,298  ,,281,,320.0,282
SG249,Writing and Literature                            ,308  ,,297,,338.0,279
SG250,Application Design and User Experience,,,412,,431.0,290
SG251,Computing (Smart Technologies),,,327,,391.0,303
SG252,Software Development,310  ,,307,,354.0,300
SG253,Computing in Computer Networks and Cyber Security ,336  ,,324,,341.0,273
SG254,Writing and Literature Online                     ,327  ,,225,225,,
SG255,Law and Business                                  ,291  ,,,,,
SG302,Construction Economics,,,184,,,
SG308,Applied Construction Technology,,,171,,,
SG338,Civil Engineering,,,245,,,
SG341,General Engineering                               ,373  ,,,,,
SG342,Civil Engineering                                 ,418  ,,415,,,
SG343,Quantity Surveying                                ,300  ,,311,,302.0,261
SG344,Mechanical Engineering                            ,412  ,,,,,
SG346,Construction Project Management and Applied Technology,313  ,,291,,351.0,289
SG347,Architecture,403  ,,360,,357.0,309
SG348,Interior Architecture and Design                  ,359  ,,316,,,
SG350,Robotics and Automation                           ,384  ,,,,,
SG401,Science,,,209,209,,
SG404,Environmental Science with Ecology (Level 6),,,264,264,,
SG406,Health and Exercise Science,,,367,,,
SG431,Pharmaceutical Science with Drug Development,,,269,,,
SG436,Biomedical Science,,,262,,,
SG441,Environmental Science,,,,,358.0,297
SG442,Occupational Safety and Health                    ,307  ,,290,,330.0,289
SG443,Human Nutrition                                   ,376  ,,356,,419.0,357
SG444,Science Undenominated                             ,358  ,,338,,369.0,308
SG445,Pharmaceutical Science with Drug Development,357  ,,311,,369.0,347
SG446,Applied Archaeology,,,,,290.0,289
SG447,Health Science and Physical Activity              ,326  ,,328,,363.0,316
SG448,Forensic Investigation and Analysis               ,308  ,,306,,348.0,306
SG449,Medical Biotechnology,315  ,,341,,352.0,329
SG450,Environmental Science with Ecology (Level 8),310  ,,300,,,
SG530,Health and Medical Information Science (Online),,,285,285,,
TA022,Creative Digital Media,,,,,318.0,260
TA023,Advertising and Marketing Communications,,,,,299.0,235
TA024,Early Childhood Care and Education,,,,,307.0,217
TA025,Social Care Practice,,,,,297.0,261
TA026,International Hospitality and Tourism Management,,,,,269.0,208
TA027,Botanical Cuisine,,,,,273.0,236
TA028,Digital Marketing Technologies,,,,,313.0,220
TA121,Accounting and Finance,,,,,328.0,202
TA122,Management,,,,,297.0,218
TA123,Marketing Management,,,,,284.0,207
TA125,International Business,,,,,300.0,229
TA221,Electronic Engineering,,,,,321.0,251
TA222,Mechanical Engineering,,,,,302.0,243
TA223,Sustainable Energy Engineering,,,,,305.0,236
TA224,Biomedical Design,,,,,324.0,218
TA225,Automation Engineering,,,,,288.0,235
TA226,Engineering Software,,,,,304.0,243
TA321,Pharmaceutical Science,,,,,298.0,261
TA322,Computing,,,,,294.0,200
TA323,Computing with IT Management,,,,,309.0,243
TA326,DNA and Forensic Analysis,,,,,362.0,300
TA327,Sports Science and Health,,,,,381.0,341
TA328,Computing with Language (French/German/Spanish),,,,,317.0,218
TA329,Computing with Data Analytics,,,,,296.0,218
TL620,Culinary Arts,,,189,189,,
TL651,Science (Biological and Environmental Studies),,,223,223,,
TL745,Civil and Environmental Engineering,,,261,261,,
TL748,Agricultural Science,,,249,,,
TL801,Animation Visual Effects and Motion Design,#718 ,,281,,341.0,281
TL802,TV  Radio and New Media (Level 8)                 ,322  ,,325,,356.0,306
TL803,Music Technology,,,,,288.0,264
TL810,Computing with Software Development               ,308  ,,310,,341.0,309
TL811,Computing with Games Development,322  ,,358,,334.0,310
TL812,Computing with Digital Media,,,,,369.0,369
TL815,Computing (Degree Award options)                  ,307  ,,308,,378.0,308
TL823,Event Management (3 year programme)               ,293  ,,299,,346.0,291
TL831,Business Studies (Major Specialism in: Acctng or M,306  ,,306,,372.0,307
TL844,Agricultural Engineering,301  ,,300,,368.0,311
TL845,Civil Engineering                                 ,361  ,,325,,364.0,300
TL847,Manufacturing Engineering                         ,305  ,,302,,,
TL848,Agricultural Science,307  ,,308,,362.0,331
TL851,Wildlife Biology (Degree Award options),309  ,,309,,362.0,310
TL855,Pharmaceutical Science (Degree Award options)     ,316  ,,317,,386.0,342
TL858,Veterinary Bioscience                             ,317  ,,308,,369.0,326
TL871,Health and Leisure (Degree Award options)         ,303  ,,300,,346.0,303
TL872,Health and Leisure with Massage,314  ,,309,,357.0,288
TL873,Coaching and Sports Performance,308  ,,289,,336.0,282
TL874,Inclusive Sport and Physical Activity             ,341  ,,,,,
TL880,Early Childhood Care and Education                ,309  ,,307,,347.0,307
TL881,Social Care,301  ,,308,,356.0,308
TL890,General Nursing and Mature Applicants,463  ,,440,414,431.0,407
TL891,Mental Health Nursing and Mature Applicants       ,440  ,419,389,378,379.0,367*
TR002,Music                                             ,508  ,477*,435,429,473.0,#414
TR003,History                                           ,552  ,543*,497,493,518.0,486
TR004,Law,590* ,589,566,565,552.0,532
TR005,Philosophy                                        ,510  ,497,442,,446.0,391
TR006,Psychology                                        ,601* ,590,567,555,577.0,555*
TR007,Clinical Speech and Language Studies              ,564* ,,529,,529.0,499
TR009,Music Education,#496 ,#486,420,,465.0,#430
TR012,History and Political Science,,,555,554,557.0,532*
TR015,Philosophy  Political Science  Economics and Socio,613* ,613*,589,,577.0,566
TR016,Deaf Studies                                      ,389  ,,340,,372.0,337
TR017,Law and Business,,,602,,589.0,576
TR018,Law and French,602* ,602,565,,554.0,532*
TR019,Law and German                                    ,577  ,567,543,542,555.0,523
TR020,Law and Political Science,,,602,,600.0,567
TR021,"Classics, Ancient History and Archaeology",467  ,462,370,,495.0,377
TR022,Early and Modern Irish,377  ,,398,,407.0,347
TR023,English Studies,546  ,541*,487,476,511.0,463
TR024,European Studies                                  ,566  ,,544,542,544.0,520
TR025,Drama and Theatre Studies                         ,#543 ,#519,564,530,531.0,#489
TR028,Ancient and Medieval History and Culture          ,498  ,463,342,,451.0,339
TR029,Political Science and Geography,,,526,520,500.0,477
TR031,Mathematics,579  ,578,531,,589.0,566
TR032,Engineering                                       ,556  ,555,510,509,520.0,487*
TR033,Computer Science                                  ,566* ,549,509,,488.0,465*
TR034,Management Science and Information Systems Studies,625* ,625*,613,,602.0,589*
TR035,Theoretical Physics,590  ,589*,543,,601.0,554
TR038,Engineering with Management                       ,589* ,589*,532,,543.0,499
TR039,Computer Science  Linguistics and a Language      ,443  ,,454,424,498.0,435
TR040,Middle Eastern and European Languages and Cultures,520  ,499,466,,518.0,485
TR041,Religion,417  ,,368,,393.0,347
TR042,Film                                              ,531  ,522,489,476,,
TR043,History of Art and Architecture                   ,498  ,486,393,354,,
TR051,Medicine (HPAT required)                          ,#743*,#743*,735,734,739.0,#730
TR052,Dental Science,625* ,625*,613,613,602.0,590*
TR053,Physiotherapy,590* ,,566,566,544.0,533*
TR054,Occupational Therapy                              ,578* ,577*,533,,520.0,500
TR055,Radiation Therapy                                 ,577  ,566,543,,521.0,510
TR056,Human Health and Disease                          ,601* ,,565,,565.0,543
TR060,Biological and Biomedical Sciences,578* ,577*,543,543,542.0,510*
TR061,Chemical Sciences                                 ,558  ,554*,517,510,520.0,488*
TR062,Geography and Geoscience                          ,495  ,,473,,485.0,435
TR063,Physical Sciences                                 ,554  ,543,498,498,543.0,498*
TR064,Environmental Science and Engineering             ,555  ,,,,,
TR072,Pharmacy,613* ,613*,590,,577.0,555*
TR080,Global Business                                   ,613* ,,589,,577.0,565
TR081,Business  Economic and Social Studies (BESS)      ,577  ,567*,543,543,542.0,518*
TR082,Computer Science and Business,,,555,,542.0,510
TR083,Sociology and Social Policy,,,498,487,474.0,451
TR084,Social Studies (Social Work),497  ,487*,462,,462.0,420*
TR085,Business Studies and French                       ,564  ,,540,531,553.0,509
TR086,Business Studies and German                       ,530  ,,509,499,495.0,474
TR087,Business Studies and Russian,487  ,,474,465,487.0,467
TR089,Business Studies and Polish,391  ,,444,424,434.0,393
TR090,Business Studies and Spanish,566  ,,531,,543.0,510
TR091,General Nursing (Meath and St James`s)            ,462  ,456*,429,,420.0,393*
TR093,General Nursing (Adelaide School of Nursing)      ,#473 ,,430,429,409.0,#378*
TR095,Mental Health Nursing                             ,442  ,,408,,377.0,358
TR097,Intellectual Disability Nursing,412  ,410,396,,350.0,346
TR111,Ancient History and Archaeology/Geography,,,352,,,
TR112,Ancient History and Archaeology/History,,,529,,,
TR117,Ancient History and Archaeology/Religion,,,342,,,
TR166,Classical Civilisation/English Literature,,,498,496,,
TR173,Classical Civilisation/History of Art and Architecture,,,335,,,
TR179,Classical Civilisation/Philosophy,,,499,,,
TR198,Economics/Geography,,,534,,,
TR207,Economics/Mathematics,,,566,,,
TR228,Classical Languages/English Literature,,,498,,,
TR231,Classical Languages/History of Art and Architecture,,,349,,,
TR263,English Literature/History of Art and Architecture,,,498,497,,
TR276,English Literature/Drama Studies,,,#498,,,
TR277,English Literature/Modern Language,,,498,495,,
TR311,Film/Drama Studies,,,#521,,,
TR312,Film/English Literature,,,521,,,
TR323,Drama Studies/Modern Language,,,#473,,,
TR455,History of Art and Architecture/Modern Language,,,334,,,
TR636,Music/Modern Language,,,388,,,
TR667,French/Modern Language,,,403,,,
TR668,German/Modern Language,,,389,,,
TR669,Irish/Modern Language,,,368,,,
TR670,Italian/Modern Language,,,381,,,
TR672,Spanish/Modern Language,,,336,,,
TR801,Dental Nursing,,,436,419,,
TR802,Dental Hygiene,,,#543,#511,,
TR803,Dental Technology,,,#531,#486,,
TR911,Children`s and General Nursing (Integrated)       ,531* ,,511,510,487.0,476*
TR913,Midwifery                                         ,521  ,,478,477,462.0,423
TU603,Mechanical Engineering,,,197,197,,
TU642,Culinary Arts,,,153,,,
TU651,Applied Biology,,,205,196,,
TU652,Computing,,,194,,,
TU655,Computing (Networking Technologies) Learn and Work,,,410,335,,
TU672,Business (Common entry),,,180,179,,
TU702,Biomedical Design,,,232,232,,
TU707,Electronic Engineering,,,224,224,,
TU709,Engineering (General Entry),,,370,,,
TU713,Computer Engineering,,,221,,,
TU718,Mechanical Engineering,,,198,198,,
TU721,Aviation Technology,,,350,,,
TU722,Process Instrumentation and Automation Learn and Work,,,292,292,,
TU732,Timber Product Technology,,,253,198,,
TU736,Sports Science and Health,,,410,391,,
TU742,Culinary Arts,,,155,155,,
TU747,Tourism Management,,,242,,,
TU751,Biosciences,,,407,,,
TU752,DNA and Forensic Analysis,,,390,,,
TU756,Computing,,,200,195,,
TU759,Information Technology Management,,,211,,,
TU760,Bioanalysis,,,204,204,,
TU761,Ophthalmic Dispensing,,,302,,,
TU762,Medicinal Chemistry and Pharmaceutical Sciences,,,364,,,
TU763,Pharmaceutical Science,,,382,349,,
TU772,Business (Common Entry with Award options),,,AQA,227,,
TU774,Management,,,195,209,,
TU776,Accounting and Finance,,,182,175,,
TU792,Community and Youth Development,,,101,250,,
TU794,Early Childhood Care and Education,,,390,250,,
TU795,Visual Merchandising and Display,,,481,,,
TU801,Sustainable Energy Engineering                    ,235  ,,235,,,
TU802,Electrical Services and Energy Management         ,309  ,,317,300,,
TU803,Electronic Engineering,,,243,243,,
TU804,Engineering (Common Entry with Award options)     ,270  ,,271,,,
TU805,Engineering (General Entry)                       ,466  ,465,402,,,
TU807,Computer Engineering in Mobile Systems            ,274  ,,276,,,
TU808,Engineering Software,,,260,260,,
TU810,Mechatronic Engineering                           ,271  ,,270,,,
TU811,Product Design                                    ,440  ,434,411,,,
TU812,Design Technology and Innovation                  ,278  ,,270,,,
TU813,Automation Engineering,,,218,218,,
TU814,Sustainable Transport Management                  ,253  ,253,285,251,,
TU828,Mechanical Engineering (General Entry)            ,300  ,,,,,
TU829,Electronic Engineering (General Entry)            ,248  ,248,,,,
TU831,Architectural Technology,423  ,,410,,,
TU832,Architecture (Suitability Test and Interview)     ,#644 ,#638,622,,,
TU833,Construction Management                           ,396  ,,367,,,
TU834,Geographic Science                                ,315  ,,288,,,
TU835,Planning and Environmental Management             ,330  ,,313,,,
TU836,Property Economics (Valuation Surveying)          ,411  ,,401,,,
TU837,Quantity Surveying and Construction Economics,413  ,,385,,,
TU838,Sustainable Timber Technology                     ,307  ,271,,,,
TU851,Analytical Chemistry (Environmental  Forensic and ,400  ,,349,,,
TU852,Chemical Sciences with Medicinal Chemistry        ,477  ,,476,,,
TU854,Science (General Entry)                           ,510  ,,476,,,
TU855,Science with Nanotechnology                       ,322  ,,331,319,,
TU856,Computer Science                                  ,499  ,,476,,,
TU857,Computer Science (Infrastructure),403  ,,391,,,
TU858,Computer Science (International)                  ,395  ,,377,,,
TU859,Computing                                         ,251  ,,217,234,,
TU860,Computing (Information Technology)                ,270  ,,260,,,
TU861,Computing with Language (French/German/Spanish)   ,235  ,235,308,308,,
TU862,Computing with Artificial Intelligence Machine Lea,262  ,,226,226,,
TU863,Digital Forensics and Cyber Security,282  ,,280,,,
TU864,DNA and Forensic Analysis,500  ,441,400,390,,
TU865,Cloud Computing                                   ,235  ,,226,,,
TU866,Biomedical and Molecular Diagnostics              ,522  ,,487,,,
TU867,Biomedical Science                                ,576  ,566*,524,,,
TU868,Clinical Measurement Science                      ,542  ,,510,,,
TU869,Environmental Health                              ,387  ,,336,,,
TU870,Human Nutrition and Dietetics,601* ,,578,,,
TU871,Optometry                                         ,532  ,,509,,,
TU872,Public Health Nutrition                           ,487  ,,491,,,
TU873,Industrial Mathematics,,,250,250,,
TU874,Mathematical Sciences                             ,294  ,294,341,,,
TU875,Pharmaceutical Healthcare                         ,451  ,,400,,,
TU876,Pharmaceutical Science,445  ,,377,349,,
TU877,Physics Technology,314  ,314,308,,,
TU878,Physics with Energy and Environment               ,339  ,,337,337,,
TU879,Physics with Medical Physics and Bioengineering   ,346  ,,351,,,
TU880,Physics with Data Science                         ,412  ,,578,,,
TU881,Food Innovation                                   ,309  ,,318,,,
TU882,Nutraceuticals in Health and Nutrition            ,380  ,,397,,,
TU903,Business and Management                           ,477  ,,463,,,
TU904,Business and Law                                  ,462  ,,462,,,
TU905,Economics and Finance                             ,460  ,,465,,,
TU906,Human Resource Management                         ,386  ,377,395,,,
TU907,Logistics and Supply Chain Management             ,300  ,,300,,,
TU908,Management,,,262,253,,
TU909,Accounting and Finance,,,285,,,
TU910,Accounting                                        ,420  ,,444,,,
TU911,Accounting and Finance,,,209,192,,
TU912,Business Analytics                                ,331  ,311,330,,,
TU914,Business Computing                                ,322  ,,324,,,
TU916,International Business,,,235,235,,
TU917,Law (LLB ) with a Language                        ,356  ,,342,,,
TU918,Law (LLB),463  ,,451,,,
TU919,Advertising and Marketing Communications          ,219  ,,228,226,,
TU920,Digital Marketing                                 ,270  ,,270,,,
TU921,Digital Marketing Technologies                    ,230  ,,212,212,,
TU922,Marketing                                         ,412  ,,418,,,
TU923,Marketing Management,,,228,276,,
TU924,E-Commerce in Retailing                           ,307  ,,307,,,
TU925,Retail and Services Management,307  ,,301,,,
TU932,Business (options)                                ,211  ,,,,,
TU933,Accounting and Finance (campus options)           ,251  ,,,,,
TU936,Sports Science and Health                         ,484  ,,410,391,,
TU941,Botanical Cuisine                                 ,311  ,,249,,,
TU942,Culinary Arts                                     ,252  ,,212,212,,
TU943,Culinary Entrepreneurship,261  ,,278,,,
TU944,Culinary Science                                  ,336  ,,316,,,
TU951,International Hospitality and Tourism Management  ,244  ,,184,184,,
TU952,International Hospitality Management              ,309  ,,300,,,
TU953,Tourism and Digital Marketing                     ,308  ,,290,,,
TU954,Event Management                                  ,326  ,,356,,,
TU955,Sports & Leisure Management,275  ,,217,317,,
TU961,Commercial Modern Music,#536 ,#536,608,608,,
TU962,Drama (Performance  audition)                     ,#448 ,,379,,,
TU963,Music (audition)                                  ,#364 ,,416,,,
TU965,International Business and Languages              ,357  ,,356,346,,
TU966,Languages and English Studies,,,366,,,
TU967,Languages and International Tourism               ,298  ,,308,,,
TU973,Design - Visual Communication,#700 ,,717,,,
TU974,Fine Art (portfolio)                              ,#549 ,,709,563,,
TU975,Interior Design (portfolio)                       ,#544 ,,632,,,
TU976,Photography (portfolio)                           ,#700 ,,695,,,
TU978,Creative Industries and Visual Culture            ,299  ,,,,,
TU981,Creative Digital Media                            ,280  ,,280,,,
TU982,Creative Digital Media,369  ,,320,311,,
TU983,Film and Broadcasting,462  ,453,456,451,,
TU984,Game Design                                       ,414  ,,381,,,
TU985,Journalism                                        ,367  ,,322,,,
TU989,Early Childhood Care and Education (campus options,270  ,,,,,
TU991,Applied Social Studies in Social Care             ,326  ,,325,,,
TU992,Community Development and Youth Work              ,251  ,,251,,,
TU994,Early Childhood Care and Education,,,321,251,,
TU995,Early Childhood Education,378  ,,367,,,
TU996,Social Care                                       ,407  ,,400,,,
TU997,Applied Social Care                               ,320  ,,310,283,,
WD001,Applied Computing (options)                       ,270  ,261,260,260,358.0,279
WD002,Science (options)                                 ,279  ,,308,,377.0,302
WD003,Business,,,AQA,171,,
WD005,Health Sciences (options),271  ,,280,,347.0,288
WD006,Exercise Sciences (options)                       ,270  ,,280,,337.0,282
WD007,Engineering (options)                             ,270  ,270,288,288,382.0,287
WD019,Recreation and Sport Management,,,174,,,
WD025,Construction Management and Engineering           ,262  ,,269,,327.0,269
WD027,Music                                             ,#321 ,,262,,317.0,#290
WD048,Business (options)                                ,279  ,,271,,357.0,278
WD084,Accounting,308  ,,308,,403.0,307
WD091,Hospitality Management                            ,225  ,,228,,281.0,210
WD094,Architectural Technology,,,166,150,,
WD116,General Nursing                                   ,446  ,,422,,430.0,413
WD117,Psychiatric Nursing,415  ,,366,,382.0,361
WD120,Intellectual Disability Nursing                   ,390  ,,377,,359.0,338
WD126,Agriculture,,,327,,,
WD134,International Business                            ,267  ,,290,,350.0,289
WD137,Design (Visual Communications)                    ,252  ,,271,,373.0,253
WD140,Laws,280  ,,280,,352.0,290
WD144,Architecture                                      ,309  ,,284,,385.0,283
WD147,Pharmaceutical Science                            ,288  ,,293,,363.0,298
WD148,Tourism Marketing,,,,,338.0,269
WD149,Early Childhood Studies,,,271,,336.0,288
WD150,Criminal Justice Studies,280  ,,270,,311.0,271
WD152,Visual Art                                        ,243  ,,AQA,,323.0,253
WD161,Computer Forensics and Security                   ,270  ,,255,,401.0,262
WD162,Quantity Surveying,226  ,,216,,320.0,260
WD163,Psychology                                        ,456  ,,434,,429.0,390
WD177,"Science (Mol. Biology with Biopharm.,Food Science with Business,Pharm.)",,,222,,,
WD186,Sports Coaching and Performance                   ,261  ,,270,,327.0,276
WD187,Social Science                                    ,276  ,,272,,321.0,271
WD188,Applied Health Care,,,201,,,
WD191,Agricultural Science                              ,377  ,,377,,421.0,378
WD192,Social Care Practice,271  ,,270,,323.0,279
WD193,Marketing and Digital Media                       ,279  ,,271,,358.0,290
WD194,Culinary Arts                                     ,237  ,,217,,331.0,235
WD195,Architectural and Building Information Modelling T,279  ,,279,,305.0,266
WD200,Arts (options),201  ,201,AQA,AQA,296.0,221
WD206,Electronic Engineering,,,179,,,
WD210,Software Systems Development                      ,260  ,,279,,329.0,271
WD211,Creative Computing                                ,270  ,,271,,322.0,275
WD212,Recreation and Sport Management,262  ,,270,,311.0,274
WD230,Mechanical and Manufacturing Engineering,230  ,230,253,,348.0,273
WD231,Early Childhood Care and Education                ,266  ,,,,,
